,feature,importance
2,MINIMUM_SPEED,0.3841204425496928
3,MAXIMUM_SPEED,0.3448346364440747
0,LATITUDE,0.015869175276849078
1,LONGITUDE,0.008727177064473323
4,NUMBER_OF_VEHICLES,0.005600132666437718
8,HOUR,0.0031742832221946958
12,WEEKDAY,0.003130271497449466
15,WEATHER_Sunny,0.002669728466415766
10,MONTH,0.0009634617462238593
14,WEATHER_Snowy,0.0003427146563380945
5,IS_HOLIDAY,0.0
6,IS_PEAK_HOUR,0.0
9,DAY,0.0
11,YEAR,0.0
13,WEATHER_Rainy,-7.02734116388104e-05
7,IS_WEEKEND,-0.0012892014568117282
